Song,Artist,Genre,Embed-link
Smooth Criminal,Michael Jackson,Pop,h_D3VFfhvs4
Thriller,Michael Jackson,Pop,sOnqjkJTMaA
Billie Jean,Michael Jackson,Pop,Zi_XLOBDo_Y
I'll Be There,Michael Jackson,Pop,PrWXGtAz1vo
Beat It,Michael Jackson,Pop,oRdxUFDoQe0
Rock With You,Michael Jackson,Pop,5X-Mrc2l1d0
Man In The Mirror,Michael Jackson,Pop,PivWY9wn5ps
The Way You Make Me Feel,Michael Jackson,Pop,HzZ_urpj4As
Black Or White,Michael Jackson,Pop,F2AitTPI5U0
I Just Can't Stop Loving You,Michael Jackson,Pop,PHZ1Bii7Uwk
Bad,Michael Jackson,Pop,dsUXAEzaC3Q
Dirty Diana,Michael Jackson,Pop,yUi_S6YWjZw
Don't Stop Till You Get Enough,Michael Jackson,Pop,yURRmWtbTbo
Remember The Time,Michael Jackson,Pop,LeiFF0gvqcc
You Are Not Alone,Michael Jackson,Pop,mHhrZxLWOHc
They Don't Care About Us,Michael Jackson,Pop,QNJL6nfu__Q
Earth Song,Michael Jackson,Pop,XAi3VTSdTxU
Heal The World,Michael Jackson,Pop,BWf-eARnf6U
Liberian Girl,Michael Jackson,Pop,f3V-7DEAgdc
You Rock My World,Michael Jackson,Pop,1-7ABIM2qjU
Irreplacable,Beyonce,Pop,2EwViQxSJJQ
Baby Boy,Beyonce,Pop,8ucz_pm3LX8
Crazy In Love,Beyonce,Pop,JptwkEhdNfY
Check On It,Beyonce,Pop,Q1dUDzBdnmI
Single Ladies (Put A Ring On It),Beyonce,Pop,4m1EFMoRFvY
"Jumpin', Jumpin'",Beyonce,Pop,Vjw92oUduEM
Say My Name,Beyonce,Pop,UDuUjMG6ac8
Lose My Breath,Beyonce,Pop,AqeIiF0DlTg
Survivor,Beyonce,Pop,Wmc8bQoL-J0
"Bills, Bills, Bills",Beyonce,Pop,NiF6-0UTqtc
Naughty Girl,Beyonce,Pop,RZuJ_OHBN78
"No, No, No",Beyonce,Pop,XQtoCz9dIJQ
03 Bonnie & Clyde,Beyonce,Pop,LINbG3eJtu8
Soldier,Beyonce,Pop,qFJ3VKnwmJw
"Me, Myself And I",Beyonce,Pop,4S37SGxZSMc
Telephone,Beyonce,Pop,EVBsypHzF3U
Halo,Beyonce,Pop,bnVUHWCynig
If I Were A Boy,Beyonce,Pop,AWpsOqh8q0M
Bootylicious,Beyonce,Pop,IyYnnUcgeMc
Beautiful Liar,Beyonce,Pop,QrOe2h9RtWI
Tiny Dancer,Elton John,Pop,yYcyacLRPNs
Rocket Man,Elton John,Pop,DtVBCG6ThDk
Saturday Night's Alright For Fighting,Elton John,Pop,26wEWSUUsUc
Bennie And The Jets,Elton John,Pop,p5rQHoaQpTw
Goodbye Yellow Brick Road,Elton John,Pop,DDOL7iY8kfo
Sorry Seems To Be The Hardest Word,Elton John,Pop,c3nScN89Klo
Song For Guy,Elton John,Pop,CFSlSCjzV_U
Empty Garden,Elton John,Pop,SWyy7Huc6KA
Candle In The Wind,Elton John,Pop,1o9rLDCfO6o
Are You Ready For Love,Elton John,Pop,4QSA7pSvh-o
Philadelphia Freedom,Elton John,Pop,iGqrXHMfXpw
Sacrifice,Elton John,Pop,NrLkTZrPZA4
Someone Savd My Life Tonight,Elton John,Pop,VZRRd4bW91c
Rotten Peaches,Elton John,Pop,DKeFEO52ilM
Levon,Elton John,Pop,mire1WJKdR8
Crocodile Rock,Elton John,Pop,QS-YZlJLCbM
The Bitch Is Black,Elton John,Pop,cdrFBwwWJ44
Ego,Elton John,Pop,s7Qxm9n54iU
Step Into Christmas,Elton John,Pop,IbRtGMm96F8
Don't Go Breaking My Heart,Elton John,Pop,z0qW9P-uYfM
A Day In The Life,Beatles,Pop,usNsCeOV4GM
A Hard Day's Night,Beatles,Pop,Yjyj8qnqkYI
A Saturday Club Xmas/Crimble Medley,Beatles,Pop,AOGzTl6R-Fk
Across The Universe,Beatles,Pop,90M60PzmxEE
All My Loving,Beatles,Pop,TSpiwK5fig0
All You Need Is Love,Beatles,Pop,_7xMfIp-irg
And Your Bird Can Sing,Beatles,Pop,Uq0aeEYLkIE
ANYTIME AT ALL,Beatles,Pop,WuB7F-gRdJo
Baby You're A Rich Man,Beatles,Pop,i5m-sgtwFck
Back In the U.S.S.R.,Beatles,Pop,nS5_EQgbuLc
BAD BOY,Beatles,Pop,u8hOfWs2Xmw
BALLAD OF JOHN AND YOKO,Beatles,Pop,v-1OgNqBkVE
Birthday,Beatles,Pop,Cs5vUfddkT8
Blackbird,Beatles,Pop,8Kx4xVKo9z8
Can't Buy Me Love,Beatles,Pop,srwxJUXPHvE
Come Together,Beatles,Pop,45cYwDMibGo
Cry For A Shadow,Beatles,Pop,jXsfza2EaEk
Day Tripper,Beatles,Pop,AYZlME0mQB8
Dear Prudence,Beatles,Pop,wQA59IkCF5I
Don't Let Me Down,Beatles,Pop,NCtzkaL2t_Y
Cant Help Falling In Love,Elvis Presly,Pop,vGJTaP6anOU
Burning Love,Elvis Presly,Pop,6vaOVMKm4es
In The Ghetto,Elvis Presly,Pop,FJ-r0bilzhU
Suspicious Minds,Elvis Presly,Pop,RxOBOhRECoo
Its Now Or Never,Elvis Presly,Pop,Uwelrtb8Oho
Always On My Mind,Elvis Presly,Pop,u9sRJ-eOHnc
All Shock Up,Elvis Presly,Pop,jVqR2PwX428
The Wonder Of You,Elvis Presly,Pop,F5eEvfOyb7k
American Triology,Elvis Presly,Pop,0FT3SmZ_zx0
Return To Sender,Elvis Presly,Pop,PU5xxh5UX4U
Wooden Heart,Elvis Presly,Pop,Hlbu6SsjlSE
Teddy Bear,Elvis Presly,Pop,89MihWd6zKk
Good Luck Charm,Elvis Presly,Pop,Z0gx4kPDW0w
Viva Las Vegas,Elvis Presly,Pop,ui0EgRsFVN8
One Night Of Sin,Elvis Presly,Pop,uNBL4JXTz_I
Dont Cry Daddy,Elvis Presly,Pop,w8YHBvX4QtM
I Want You,Elvis Presly,Pop,l0-FBlfvgxo
Peace In The Valley,Elvis Presly,Pop,SMD8d7oUjxw
I Forget To Remember,Elvis Presly,Pop,6uqu0bPV3iI
Way Down,Elvis Presly,Pop,Sy16VUmzj-g
La Isla Bonita,Madonna,Pop,zpzdgmqIHOQ
Like A Prayer,Madonna,Pop,79fzeNUqQbQ
Frozen,Madonna,Pop,XS088Opj9o0
Take A Bow,Madonna,Pop,XDeiovnCv1o
Material Girl,Madonna,Pop,6p-lDYPR2P8
Like A Virgin,Madonna,Pop,s__rX_WL100
Vogue,Madonna,Pop,GuJQSAiODqI
Oh Father,Madonna,Pop,qvVvN0QvzTk
Boderline,Madonna,Pop,rSaC-YbSDpo
What It Feels Like For A Girl,Madonna,Pop,qYwgG2oyUbA
Beautiful Stranger,Madonna,Pop,Dsh0TfIKhoE
Dont Tell Me,Madonna,Pop,gLFWRDsx5AI
Ray Of Light,Madonna,Pop,x3ov9USxVxY
Youll See,Madonna,Pop,zyFzpBAZICc
Hung Up,Madonna,Pop,EDwb9jOVRtU
Open Your Heart,Madonna,Pop,snsTmi9N9Gs
Into Your Groove,Madonna,Pop,52iW3lcpK5M
Papa Dont Preach,Madonna,Pop,G333Is7VPOg
Crazy For You,Madonna,Pop,DHutZXREZ0E
Live To Tell,Madonna,Pop,IzAO9A9GjgI
Wake Me Up,Avicii,EDM,IcrbM1l_BoI
Levels,Avicii,EDM,_ovdm2yX4MA
Hey Brother,Avicii,EDM,6Cp6mKbRTQY
I Could Be The One,Avicii,EDM,bek1y2uiQGA
Waiting For Love,Avicii,EDM,cHHLHGNpCSA
The Nights,Avicii,EDM,UtF6Jej8yb4
You Make Me,Avicii,EDM,2GADx4Hy-Gg
Silhouettes,Avicii,EDM,6VJBBUqr1wM
Seek Bromance,Avicii,EDM,eWUC5Q0RCAA
Addicted To You,Avicii,EDM,Qc9c12q3mrc
Without You,Avicii,EDM,WRz2MxhAdJo
Fade Into Darkness,Avicii,EDM,-yg3dLEDWqs
The Days,Avicii,EDM,JDglMK9sgIQ
Lay Me Down,Avicii,EDM,ISiGtxsN5d0
Lonely Together,Avicii,EDM,vQ3XgMKAgxc
X You,Avicii,EDM,LpKyzSxVhk4
Super Love,Avicii,EDM,2sX2hLlqhJ8
For A Better Day,Avicii,EDM,Xq-knHXSKYY
Broken Arrows,Avicii,EDM,V6iKSUoUN48
My Feelings For You,Avicii,EDM,3EcsipR9hGo
Get Lucky,Daft Punk,EDM,5NV6Rdv1a3I
Instant Crush,Daft Punk,EDM,a5uQMwRMHcs
Around The World,Daft Punk,EDM,yca6UsllwYs
One More Time,Daft Punk,EDM,n6RTF4OPzf8
Digital Love,Daft Punk,EDM,QOngRDVtEQI
Technologic,Daft Punk,EDM,D8K90hX4PrE
Contact,Daft Punk,EDM,JI5noh4OyXc
Starboy,Daft Punk,EDM,34Na4j8AVgA
Face To Face,Daft Punk,EDM,zNRbP7U0Iq8
Robot Rock,Daft Punk,EDM,HdeYwObD-j4
Da Funk,Daft Punk,EDM,PwILkY9gRrc
Doin It Right,Daft Punk,EDM,LL-gyhZVvx0
Lose Yourself To Dance,Daft Punk,EDM,NF-kLy44Hls
Fragments Of Time,Daft Punk,EDM,_ScM9pKlCfo
Give Life Back To Music,Daft Punk,EDM,IluRBvnYMoY
The New Wave,Daft Punk,EDM,D2i0skatDaE
I Feel It Coming,Daft Punk,EDM,qFLhGq0060w
Derezzed,Daft Punk,EDM,m4cgLL8JaVI
Revolution 909,Daft Punk,EDM,Wtd6DvLoCsU
Alive,Daft Punk,EDM,lVKbF8khsrI&list=PLSdoVPM5WnndV_AXWGXpzUsIw6fN1RQVN
Faded,Alan Walker,EDM,60ItHLz5WEA
On My Way,Alan Walker,EDM,dhYOPzcsbGM
Alone,Alan Walker,EDM,1-xGerv5FOk
Sing Me To Sleep,Alan Walker,EDM,2i2khp_npdE
The Spectre,Alan Walker,EDM,wJnBTPUQS5A
All Falls Down,Alan Walker,EDM,6RLLOEzdxsM
Darkside,Alan Walker,EDM,M-P4QBt-FWw
Tired,Alan Walker,EDM,g4hGRvs6HHU
Diamond Heart,Alan Walker,EDM,sJXZ9Dok7u8
Lily,Alan Walker,EDM,kTJbE3sfvlI
Ignite,Alan Walker,EDM,Az-mGR-CehY
Lost Control,Alan Walker,EDM,-Ed-GNq2EyU
Different World,Alan Walker,EDM,m-PJmmvyP10
Routine,Alan Walker,EDM,Mw9U7FPaZho
Live Fast,Alan Walker,EDM,aw_cfy1P8f8
I Dont Wanna Go,Alan Walker,EDM,SuUs3veS0Ck
Lonely,Alan Walker,EDM,Wrgp3Rp1kPY
Do It All For You,Alan Walker,EDM,j57OP141Gzs
Big Universe,Alan Walker,EDM,o17-LExMg64
Play,Alan Walker,EDM,trnx5XT0cZs
In The Name Of Love,Martin Garrix,EDM,RnBT9uUYb1w
Animals,Martin Garrix,EDM,gCYcHz2k5x0
Forbidden Voices,Martin Garrix,EDM,Zv1QV6lrc_Y
Dont Look Down,Martin Garrix,EDM,nJSdYlAFKqA
The Only Way Is Up,Martin Garrix,EDM,AewNd29wRUM
There For You,Martin Garrix,EDM,pNNMr5glICM
Ocean,Martin Garrix,EDM,BDocp-VpCwY
Gold Skies,Martin Garrix,EDM,UwsY_foobEw
These Are The Times,Martin Garrix,EDM,ED3jOCQUNJM
Pizza,Martin Garrix,EDM,JsKIAO11q1Y
Summer Days,Martin Garrix,EDM,8OwVaewDtS8
Bouncybob,Martin Garrix,EDM,uiyUOrr5Ieo
Access,Martin Garrix,EDM,aGJ3Jhb7i88
Proxy,Martin Garrix,EDM,NWB6-PJw4Mk
Yottabyte,Martin Garrix,EDM,WTrFa9H_lpk
Dreamer,Martin Garrix,EDM,b9HpOAYjY9I
Breach,Martin Garrix,EDM,9-ySW9qGUHw
Sun Is Never Going Down,Martin Garrix,EDM,0rD9rbxmCPQ
Hold On & Believe,Martin Garrix,EDM,LXFZd_okfUk
Poison,Martin Garrix,EDM,PC0_24jNvKw
Summer,Calvin Harris,EDM,ebXbLfLACGM
Feel So Close,Calvin Harris,EDM,dGghkjpNCQ8
We Found Love,Calvin Harris,EDM,tg00YEETFzg
Sweet Nothing,Calvin Harris,EDM,17ozSeGw-fY
Blame,Calvin Harris,EDM,6ACl8s_tBzE
I Need Your Love,Calvin Harris,EDM,AtKZKl7Bgu0
Slide,Calvin Harris,EDM,8Ee4QjCEHHc
This Is What You Came For,Calvin Harris,EDM,kOkQ4T5WO9E
Outside,Calvin Harris,EDM,J9NQFACZYEU
How Deep Is Your Love,Calvin Harris,EDM,EgqUJOudrcM
Under Control,Calvin Harris,EDM,yZqmarGShxg
My Way,Calvin Harris,EDM,b4Bj7Zb-YD4
Feels,Calvin Harris,EDM,ozv4q2ov3Mk
Well Be Coming Back,Calvin Harris,EDM,kPC_evpbwDM
Im Not Alone,Calvin Harris,EDM,JeTE5cnkhGc
Acceptable In The 80s,Calvin Harris,EDM,dOV5WXISM24
Thinking About You,Calvin Harris,EDM,cl3b7dDBLpo
LetsGo,Calvin Harris,EDM,LYZ6gXWZfZM
You Used To Hold Me,Calvin Harris,EDM,mf58RAPR8Ws
Slow Acid,Calvin Harris,EDM,no1YHRhFr5A
Stay The Night,Zedd,EDM,i-gyZ35074k
Beautiful Now,Zedd,EDM,n1a7o44WxNo
Stay,Zedd,EDM,h--P8HzYZ74
Clarity,Zedd,EDM,IxxstCcJlsc
I Want You To Know,Zedd,EDM,puKD3nkB1h4
Spectrum,Zedd,EDM,IsuVMdnF8A0
Happy Now,Zedd,EDM,KfXvjxbRhZk
The Middle,Zedd,EDM,M3mJkSqZbX4
Find You,Zedd,EDM,IgGjUjQRAxw
Starving,Zedd,EDM,xwjwCFZpdns
Shave It,Zedd,EDM,k6acWbk3c7g
Papercut,Zedd,EDM,HwtljkGZJnI
Break Free,Zedd,EDM,L8eRzOYhLuw
Addicted To Memory,Zedd,EDM,ZqJiXLJs_Pg
Good Thing,Zedd,EDM,CMla2ZIz7-4
Slam The Door,Zedd,EDM,_HOLr0jqnCI
Lost In Japan,Zedd,EDM,u9_mcVlcVII
Lost At Sea,Zedd,EDM,LDcaJgv0ST4
Fall Into The Sky,Zedd,EDM,gmF07cPqGKQ
Bumble Bee,Zedd,EDM,scvI5tV9Jk0
Another One Bites the Dust,Queen,Rock,rY0WxgSXdEE
Bicycle Race,Queen,Rock,xt0V0_1MS0Q
Bicycle Race/fat Bottomed Girls,Queen,Rock,w8QNZQE4F64
Bohemian Rhapsody,Queen,Rock,fJ9rUzIMcZQ
Crazy Little Thing Called Love,Queen,Rock,zO6D_BAuYCI
Don't Stop Me Now,Queen,Rock,HgzGwKwLmgM
Fat Bottomed Girls,Queen,Rock,VMnjF1O4eH0
It's Late,Queen,Rock,0PItMuGp39Q
Keep Yourself Alive,Queen,Rock,JofwEB9g1zg
Killer Queen,Queen,Rock,2ZBtPf7FOoM
One Vision,Queen,Rock,-OGd4gplxQM
Somebody To Love,Queen,Rock,kijpcUv-b8M
THESE ARE THE DAYS OF OUR LI,Queen,Rock,oB4K0scMysc
Tie Your Mother Down,Queen,Rock,LvB2MnIIdMw
Under Pressure,Queen,Rock,a01QQZyl-_I
We Are the Champions,Queen,Rock,04854XqcfCY
We Will Rock You,Queen,Rock,-tJYN-eG1zk
We Will Rock You/We Are The Champions,Queen,Rock,tAz84ZV7xF0
You're My Best Friend,Queen,Rock,HaZpZQG2z10
Eight Days A Week,Beatles,Rock,kle2xHhRHg4
Eleanor Rigby,Beatles,Rock,HuS5NuXRb5Y
Everybody's Got Something To Hide Except Me And My Monk,Beatles,Rock,4fv_gCn1CUU
Fixing A Hole,Beatles,Rock,UPBd8eHQqIw
From Me To You,Beatles,Rock,-XTB3bCYMK0
Get Back,Beatles,Rock,IKJqecxswCA
Getting Better,Beatles,Rock,EGlo9LzmOME
GIRL,Beatles,Rock,-8l3ntDR_lI
Golden Slumbers,Beatles,Rock,AcQjM7gV6mI
Good Day Sunshine,Beatles,Rock,ws6CF4S82nY
Got To Get You Into My Life,Beatles,Rock,r95-7zfgtLw
Hello Goodbye,Beatles,Rock,rblYSKz_VnI
Help!,Beatles,Rock,2Q_ZzBGPdqE
Helter Skelter,Beatles,Rock,vWW2SzoAXMo
Here Comes The Sun,Beatles,Rock,KQetemT1sWc
Hey Jude,Beatles,Rock,A_MjCqQoLLA
I Am the Walrus,Beatles,Rock,t1Jm5epJr10
I Feel Fine,Beatles,Rock,WrAV5EVI4tU
I Saw Her Standing There,Beatles,Rock,oxwAB3SECtc
I Want To Hold Your Hand,Beatles,Rock,jenWdylTtzs
Breadfan,Metallica,Rock,0
Enter Sandman,Metallica,Rock,CD-E-LDc384
Fade To Black,Metallica,Rock,WEQnzs8wl6E
For Whom The Bell Tolls,Metallica,Rock,KO3l6qNA2Q4
Fuel,Metallica,Rock,azCq5qQodU8
Harvester Of Sorrow,Metallica,Rock,_3yWbRngyJs
Hero of the Day,Metallica,Rock,XkfO8c8MlKU
Lords of Summer (First Pass Version),Metallica,Rock,s7SIYzXM6zA
Master of Puppets,Metallica,Rock,xnKhsTXoKCI
No Leaf Clover,Metallica,Rock,Sh5S3OxiE-s
Nothing Else Matters,Metallica,Rock,tAGnKpE4NCI
One,Metallica,Rock,WM8bTdBs-cw
Sad But True,Metallica,Rock,O_4OfD-wmGs
Seek & Destroy,Metallica,Rock,NUAdgt5Glk0
The Memory Remains,Metallica,Rock,RDN4awrpPQQ
The Unforgiven,Metallica,Rock,Ckom3gf57Yw
Turn The Page,Metallica,Rock,qPOTEs_yTJo
Until It Sleeps,Metallica,Rock,eRV9uPr4Dz4
Wherever I May Roam,Metallica,Rock,S5TnPjOd_To
Whiskey In The Jar,Metallica,Rock,wsrvmNtWU4E
(I Can't Get No) Satisfaction,Rolling Stones,Rock,nrIPxlFzDi0
19th Nervous Breakdown,Rolling Stones,Rock,DEseb6-hssc
Ain't Too Proud to Beg,Rolling Stones,Rock,Kktm9rwz-dE
Almost Hear You Sigh,Rolling Stones,Rock,51I1Fl7qhHw
Angie,Rolling Stones,Rock,RcZn2-bGXqQ
Beast Of Burden,Rolling Stones,Rock,-tRdBsnX4N4
Bitch,Rolling Stones,Rock,a4g8PxsG_j4
Brown Sugar,Rolling Stones,Rock,59K2kF6o9Tk
Can't You Hear Me Knocking,Rolling Stones,Rock,3vtILjo26ew
CAROL,Rolling Stones,Rock,jwgZ8Xj1Og4
Da Da Doo Ron Ron,Rolling Stones,Rock,C8GxUzZypLY
Dance Little Sister,Rolling Stones,Rock,wyVs9HSXiJM
Doo Doo Doo Doo Doo (Heartbreaker),Rolling Stones,Rock,sqUiWpGGCmI
Doom And Gloom,Rolling Stones,Rock,1DWiB7ZuLvI
Emotional Rescue,Rolling Stones,Rock,5kBxb-NmxNc
Fortune Teller,Rolling Stones,Rock,7iAVvpPDrHs
Get Off My Cloud,Rolling Stones,Rock,0
Get Off Of My Cloud,Rolling Stones,Rock,QYgJZ79FmBo
Gimme Shelter,Rolling Stones,Rock,RbmS3tQJ7Os
Hand of Fate,Rolling Stones,Rock,3RGhtDjup38
All My Love,Led Zeppelin,Rock,z0DAnu5Sq6k
Babe I'm Gonna Leave You,Led Zeppelin,Rock,eOUaQz8GYPA
Black Dog,Led Zeppelin,Rock,fl6s1x9j4QQ
Black Mountain Side,Led Zeppelin,Rock,5Y2yoadwSQ0
Bonzo's Montreaux,Led Zeppelin,Rock,gaSnMZ973V4
Boogie With Stu,Led Zeppelin,Rock,MviBlaTIV-s
Bring It On Home,Led Zeppelin,Rock,pAO0ib8a0dU
Bron-y-aur Stomp,Led Zeppelin,Rock,oC-9aEf0Q-A
Celebration Day,Led Zeppelin,Rock,ZPeUzqSyHeI
Communication Breakdown,Led Zeppelin,Rock,qoqQnR8NOVI
Custard Pie,Led Zeppelin,Rock,VVP3g1-Wq_0
D'Yer Mak'er,Led Zeppelin,Rock,xje-1sw3T0s
Dancing Days,Led Zeppelin,Rock,qztKD75J2BM
Darlene,Led Zeppelin,Rock,jSq9hCkBiko
Dazed and Confused,Led Zeppelin,Rock,-rmtJ6-EY1E
Down By The Seaside,Led Zeppelin,Rock,g2U1BhziqzM
Fool In the Rain,Led Zeppelin,Rock,I57nIP0vc44
For Your Life,Led Zeppelin,Rock,r_JCEcHZZHs
Four Sticks,Led Zeppelin,Rock,T8GP2j7NdSo
Friends,Led Zeppelin,Rock,Vl_2uqYW6FM
Civil War,Gun n Roses,Rock,isCh4kCeNYU
Don't Cry,Gun n Roses,Rock,zRIbf6JqkNc
Knockin' On Heaven's Door,Gun n Roses,Rock,9ejTFN8Zgl8
Live and Let Die,Gun n Roses,Rock,6D9vAItORgE
Mr. Brownstone,Gun n Roses,Rock,27rKrR424cA
My Michelle,Gun n Roses,Rock,scmvAg_S97k
November Rain,Gun n Roses,Rock,8SbUC-UaAxE
Paradise City,Gun n Roses,Rock,Rbm6GXllBiw
Patience,Gun n Roses,Rock,ErvgV4P6Fzc
Sweet Child O' Mine,Gun n Roses,Rock,1w7OgIMMRc4
Used To Love Her,Gun n Roses,Rock,h5FpjF5vYzU
Welcome to the Jungle,Gun n Roses,Rock,o1tj2zJ2Wvg
You Could Be Mine,Gun n Roses,Rock,DVzcQ4_khsM
Its So Easy,Gun n Roses,Rock,FMbl1ntpIXQ
One In A Million,Gun n Roses,Rock,SJ2xUmlqS3c
Nightrain,Gun n Roses,Rock,VMDljoM5JFI
YesterDays,Gun n Roses,Rock,NDOPlpH6NZM
Rocket Queen,Gun n Roses,Rock,YxW9iekNSek
Aint It Fun,Gun n Roses,Rock,MZbfM4mBByI
Since I Dont Have You,Gun n Roses,Rock,IYOYlqOitDA
Rap God,Eminem,Rap,XbGs_qK2PQA
Love The Way You Lie,Eminem,Rap,uelHwf8o7_U
Without Me,Eminem,Rap,YVkUvmDQ3HY
Not Afraid,Eminem,Rap,j5-yKhDd64s
When Im Gone,Eminem,Rap,1wYNFfgrXTI
Killshot,Eminem,Rap,FxQTY-W6GIo
My Name Is,Eminem,Rap,sNPnbI1arSE
Sing For The Moment,Eminem,Rap,D4hAVemuQXY
No Love,Eminem,Rap,KV2ssT8lzj8
The Monster,Eminem,Rap,EHkozMIXZ8w
Forever,Eminem,Rap,eDuRoPIOBjE
Beautiful,Eminem,Rap,lgT1AidzRWM
Kill You,Eminem,Rap,D1I1x2pYMK0
Guts Over Fear,Eminem,Rap,0AqnCSdkjQ0
Bitch Please II,Eminem,Rap,tEMA8GL-ArI
Berzerk,Eminem,Rap,ab9176Srb5Y
Ass Like That,Eminem,Rap,um4-d7VzZiE
Shake That Ass,Eminem,Rap,WrjwGPb0Hvw
White America,Eminem,Rap,RZIzD0ZfTFg
Like Toy Soldiers,Eminem,Rap,lexLAjh8fPA
You Dont Know,Eminem,Rap,ngH0fkiNo-g
Super Bass,Nicki Minaj,Rap,4JipHEz53sU
Starships,Nicki Minaj,Rap,SeIJmciN8mo
Anaconda,Nicki Minaj,Rap,LDZX4ooRsWs
Bang Bang,Nicki Minaj,Rap,0HDdjwpPM3Y
Moment 4 Life,Nicki Minaj,Rap,
Pound The Alarm,Nicki Minaj,Rap,vdrqA93sW-8
Megatron,Nicki Minaj,Rap,C3a1sz2Bp_E
Your Love,Nicki Minaj,Rap,pSFyrrhKj1Q
Barbie Dreams,Nicki Minaj,Rap,_bvLphVWHpo
Only,Nicki Minaj,Rap,zXtsGAkyeIo
Va Va Voom,Nicki Minaj,Rap,3U72hzeBLOw
Right Thru Me,Nicki Minaj,Rap,5FJO6b8GL3M
Feeling Myself,Nicki Minaj,Rap,0Kg9xRooTVk
No Frauds,Nicki Minaj,Rap,VkXjvHfP3MM
Dead,Nicki Minaj,Rap,KiAlFgXlt-4
Barbie Tingz,Nicki Minaj,Rap,eppa0RXRU-I
Side To Side,Nicki Minaj,Rap,SXiSVQZLje8
Turn Me On,Nicki Minaj,Rap,YVw7eJ0vGfM
Romans Revenge,Nicki Minaj,Rap,akgmNWBlTAQ
FEFE,Nicki Minaj,Rap,V_MXGdSBbAI
Runaway,Kanye West,Rap,Bm5iA4Zupek
Famous ,Kanye West,Rap,p7FCgw_GlWc
Stronger,Kanye West,Rap,PsO6ZnUZI0g
Jesus Walks,Kanye West,Rap,MYF7H_fpc-g
Gold Digger,Kanye West,Rap,6vwNcNOTVzY
Love Lockdown,Kanye West,Rap,HZwMX6T5Jhk
All Of The Lights,Kanye West,Rap,HAfFfqiYLp0
Niggas In Paris,Kanye West,Rap,gG_dA32oH44
Monster,Kanye West,Rap,dK2zzhgMlJA
Heartless,Kanye West,Rap,Co0tTeuUVhU
Power,Kanye West,Rap,L53gjP-TtGE
Cant Tell Me Nothing,Kanye West,Rap,E58qLXBfLrs
Real Friends,Kanye West,Rap,fWD9GF-Ogf4
Ultralight Beam,Kanye West,Rap,6oHdAA3AqnE
Flashing Lights,Kanye West,Rap,ila-hAUXR5U
Mercy,Kanye West,Rap,7Dqgr0wNyPo
Good Life,Kanye West,Rap,FEKEjpTzB0Q
Otis,Kanye West,Rap,BoEKWtgJQAU
I Love It,Kanye West,Rap,cwQgjq0mCdE
New Slaves,Kanye West,Rap,vQ0u09mFodw
Sucker For Pain,Lil Wayne,Rap,-59jGD4WrmE
Mirror,Lil Wayne,Rap,OZLUa8JUR18
Love Me,Lil Wayne,Rap,KY44zvhWhp4
A Milli,Lil Wayne,Rap,aLBuWIlfz_E
Uproar,Lil Wayne,Rap,GQ2juiyXk-s
Lollipop,Lil Wayne,Rap,2IH8tNQAzSs
6 Foot 7 Foot,Lil Wayne,Rap,c7tOAGY59uQ
No Frauds,Lil Wayne,Rap,VkXjvHfP3MM
Monalisa,Lil Wayne,Rap,fhauhH4FR84
Mrs. Officer,Lil Wayne,Rap,jMdKCuxD6sA
Forever,Lil Wayne,Rap,eDuRoPIOBjE
Go DJ,Lil Wayne,Rap,MNS-Ho5tWo0
Believe Me,Lil Wayne,Rap,JSOo4ULWYOA
Dont Cry,Lil Wayne,Rap,fkLLeOCOQ3w
3 Peat,Lil Wayne,Rap,xvAjtf7BpAw
Watch My Shoes,Lil Wayne,Rap,ZOxKj7nU2YA
She Will,Lil Wayne,Rap,_7nYuyfkjCk
Let The Beat Build,Lil Wayne,Rap,H4q6MIsvroU
Got Money,Lil Wayne,Rap,1ohYsK5Y8Dc
John,Lil Wayne,Rap,3fumBcKC6RE
Old Town Road,Lil Nas X,Rap,w2Ov5jzm3j8
Panini,Lil Nas X,Rap,bXcSLI58-h8
Rodeo,Lil Nas X,Rap,kx0Z0B8Xox0
Kick It,Lil Nas X,Rap,JTx-l_rDZP4
Thanos,Lil Nas X,Rap,0M3T5UFt9hg
Kim Jong,Lil Nas X,Rap,Aq8BGJbG--I
Bring U Down,Lil Nas X,Rap,c_mR-dt_c3g
F9mily,Lil Nas X,Rap,w2Ov5jzm3j8
Pop Pop Pop,Lil Nas X,Rap,e-wLLKgCzMg
Get Flipped,Lil Nas X,Rap,G70KDjgebXs
Money In The Grave,Drake,Rap,b3lH6CULHD0
In My Feelings,Drake,Rap,DRS_PpOrUZ4
Gods Plan,Drake,Rap,xpVfcZ0ZcFM
Hotline Bling,Drake,Rap,uxpDa-c-4Mc
Best I Ever Had,Drake,Rap,Zfp3KfYH0xA
Take Care,Drake,Rap,-zzP29emgpg
The Motto,Drake,Rap,
Girls Need Love,Drake,Rap,TP3moIiyZFI
Worst Behaviour,Drake,Rap,CccnAvfLPvE
HYFR,Drake,Rap,0KCWqnldEag
Nonstop,Drake,Rap,lJTRVX9R5EA
One Dance,Drake,Rap,qL7zrWcv6XY
Passionfruit,Drake,Rap,COz9lDCFHjw
Over,Drake,Rap,2lTB1pIg1y0
Headlines,Drake,Rap,cimoNqiulUE
Started From The Bottom,Drake,Rap,RubBzkZzpUA
Marvins Room,Drake,Rap,JDb3ZZD4bA0
Fake Love,Drake,Rap,k9o6HN9pQXY
Forever,Drake,Rap,eDuRoPIOBjE
Know Yourself,Drake,Rap,MKiLZEoAKgQ
Mannish Boy,Muddy Waters,Blues,bSfqNEvykv0
Baby Please Dont Go,Muddy Waters,Blues,Mbao_laqF8E
Hoochie Coochie Man,Muddy Waters,Blues,U5QKpsVzndc
Got My Mojo Working,Muddy Waters,Blues,8hEYwk0bypY
I Cant Be Satisfied,Muddy Waters,Blues,vTgwDknZlkA
Rollin Stone,Muddy Waters,Blues,sVmEMv8rcCA
I Am The Blues,Muddy Waters,Blues,fmTS4TieO28
Sad Sad Days,Muddy Waters,Blues,UQooHakuf7c
Blow Wind Blow,Muddy Waters,Blues,Eu3CbGyKgiA
Im A King Bee,Muddy Waters,Blues,vD0gk4pcUvY
I Want To Be Loved,Muddy Waters,Blues,YM-RJs2Kagk
Long Distance Call,Muddy Waters,Blues,OD9fRI_SgAg
I Feel Like Going Home,Muddy Waters,Blues,bRcQMdgd45Q
Shes Nineteen Years Old,Muddy Waters,Blues,Ucx6xQ3syN0
Catfish Blues,Muddy Waters,Blues,BtmmHLrgjPA
Deep Down In Florida,Muddy Waters,Blues,E7rv8pu-0z0
She Moves Me,Muddy Waters,Blues,OmbTLK0yPB8
Shes All Right,Muddy Waters,Blues,pM1RPsuYP_8
Big Leg Woman,Muddy Waters,Blues,n6kUs4rTFUU
Still A Fool,Muddy Waters,Blues,-DHX3hIarJ4
Help The Poor,B B King,Blues,aIyaw8zjfIg
Sweet Little Angle,B B King,Blues,dNr_eIgP0tI
Happy Birthday Blues,B B King,Blues,ZaTEdi9tKDM
How Blue Can You Get,B B King,Blues,l45f28PzfCI
Three OClock Blues,B B King,Blues,d9ozjCQkqZs
Rock Me Baby,B B King,Blues,2cFO5jpfF5w
Why I Sing Blues,B B King,Blues,HJrZ1LAOLYQ
Dont Answer The Door,B B King,Blues,UJ3sBcQBDtU
Youre Gonna Miss Me,B B King,Blues,ubvBuvAJnCs
Everyday I Have The Blues,B B King,Blues,xtwUqXCQvAI
Ghetto Woman,B B King,Blues,XVToI6D4P-s
Ten Long Years,B B King,Blues,oFDraWR1Imc
Blues In ‘G,B B King,Blues,fr1ym6P8T0k
Crossroads,B B King,Blues,SgXSomPE_FY
Driving Wheel,B B King,Blues,PqXO0yYkwNU
Hold On Im Coming,B B King,Blues,_6fljxCXuh0
Lucille,B B King,Blues,-Y8QxOjuYHg
"My Own Fault, Baby",B B King,Blues,gZJfAQ3Mnh4
Chains And Things,B B King,Blues,fJJ4lI631Ng
Blues Boys Tune,B B King,Blues,AU432SxopNM
Hide Away,Freddie King,Blues,wEmGbMd2duk
Im Tore Down,Freddie King,Blues,QJvpWZeg_NM
Going Down,Freddie King,Blues,V_ONyukSLqA
San-Ho-Zay,Freddie King,Blues,D_fJzq4Wt6c
The Stumble,Freddie King,Blues,KsY7etEHtvM
Same Old Blues,Freddie King,Blues,ZLTEJQJqGik
Pack It Up,Freddie King,Blues,7bP5BXYQRuQ
Big Legged Woman,Freddie King,Blues,HXXkD7Dvq_E
Sugar Sweet,Freddie King,Blues,rBV_ofB2ghQ
I Love The Woman,Freddie King,Blues,SxQegZaQ2W0
Me And My Guitar,Freddie King,Blues,vOBdFVhP4QE
Its Too Bad,Freddie King,Blues,5dcOiJNTRZw
Boogie Funk,Freddie King,Blues,iLxfmPg71g8
Texas Flyer,Freddie King,Blues,wlJuQR6bYts
Lowdown In Lodi,Freddie King,Blues,uCX_r0zET_o
You Wre Wrong,Freddie King,Blues,P-5xIPAzZuM
Dust My Broom,Freddie King,Blues,c5IgmPInr6s
Palace Of The King,Freddie King,Blues,xP12Z1X5TEQ
Aint Nobodys Buisness,Freddie King,Blues,I8qRkRi65F0
Living On The Highway,Freddie King,Blues,xLE2iCFOzYE
Boom Boom,John Lee Hooker,Blues,X70VMrH3yBg
Shake It Baby,John Lee Hooker,Blues,tnPnrtKn9fY
House Rent Boogie,John Lee Hooker,Blues,lAWHXNG_4CM
Baby Lee,John Lee Hooker,Blues,w1R1_z09qFA
This Is Hip,John Lee Hooker,Blues,K8X9-yE_RDQ
Sugar Mama,John Lee Hooker,Blues,F28p5Ady4Ps
No More Doggin,John Lee Hooker,Blues,RMfm9RfsPUQ
Water Front,John Lee Hooker,Blues,pUkBGERTcdQ
"Big Legs, Tight Skirt",John Lee Hooker,Blues,YbpNov5kIKg
No Shoes,John Lee Hooker,Blues,m9Sv-SNDqgo
Buring Hell,John Lee Hooker,Blues,7YS2u7N-bno
Meet Me In The Bottom,John Lee Hooker,Blues,NYZjPPkk7-s
Dirty Ground Hog Blues,John Lee Hooker,Blues,oL7jU_q2_Vc
Frisco Blues,John Lee Hooker,Blues,sgTPnI7md6A
Please Dont Go,John Lee Hooker,Blues,cGWHxgG0FA4
Im Bad Like Jesse James,John Lee Hooker,Blues,r_ZVrR6lD4s
Sally Mae,John Lee Hooker,Blues,63pdta81jZo
Rock With Me,John Lee Hooker,Blues,KBqcE55lvxM
Whiskey And Wimmen,John Lee Hooker,Blues,gGrADAAvrkE
Chill Out,John Lee Hooker,Blues,XaY4871S3LE
Spoonful,Howlin Wolf,Blues,3LFjHo7Cdrw
I Aint Superstitious,Howlin Wolf,Blues,aIkwAoWqE6E
Smokestack Lightnin,Howlin Wolf,Blues,9Ri7TcukAJ8
Goin Down Slow,Howlin Wolf,Blues,mYRuh8V94zo
How Many More Years,Howlin Wolf,Blues,OpKB6OZ_B4c
Build For Comfort,Howlin Wolf,Blues,GgTjuDh7dVA
Down In The Bottom,Howlin Wolf,Blues,D1aLMm-n2qE
Do The Do,Howlin Wolf,Blues,mbCrotH9hpI
Whos Been Talkin,Howlin Wolf,Blues,U4TXzF5tjm0
Evil,Howlin Wolf,Blues,osnDVXlhxPw
Howlin For My Darlin,Howlin Wolf,Blues,BpfcPAUXWGc
Moanin At Midnight,Howlin Wolf,Blues,bvUCeQQSDhw
All My Life,Howlin Wolf,Blues,p1MMK1Mlz28
Cant Put Me Out,Howlin Wolf,Blues,3EPEQXeL30w
Aint Gon Down That Dirt Road,Howlin Wolf,Blues,0JrNt_Ng9Vo
Baby How Long,Howlin Wolf,Blues,6rVD0rNLsUA
Baby Ride With Me,Howlin Wolf,Blues,tr0oSoFU0Cw
Blind Love,Howlin Wolf,Blues,A4DieCrPBmQ
Bluebird,Howlin Wolf,Blues,znje2d5SSRs
Break Of Day,Howlin Wolf,Blues,mFny38r2rXE
"Damn Right, Ive Got The Blues",Buddy Guy,Blues,3hjqqa5tq5k
First Time I Met The Blues,Buddy Guy,Blues,k_rd8y8A2oE
Mustang Sally,Buddy Guy,Blues,zdEHsGK-fBs
Feels Like Rain,Buddy Guy,Blues,QButLzJB5SI
Stone Crazy,Buddy Guy,Blues,m_0WNprb8D8
Let Me Love You Baby,Buddy Guy,Blues,0EZHq8zpfGI
Five Long Years,Buddy Guy,Blues,n_4UmAY852I
I Smell Trouble,Buddy Guy,Blues,lpGJQWdInfg
Ten Years Ago,Buddy Guy,Blues,7ayAczgxhFo
Rememberin Stevie,Buddy Guy,Blues,ZBDuseftpTA
My Time After Awhile,Buddy Guy,Blues,k8Ldbty-a8E
Baby Please Dont Leave Me,Buddy Guy,Blues,D6tdlmx_GO4
Midnight Train,Buddy Guy,Blues,EpNBHdFL53A
Cut You Lose,Buddy Guy,Blues,xgrXhAEl6eI
Leave My Girl Alone,Buddy Guy,Blues,ELb-B2rO5Gs
Mary Had A Little Lamb,Buddy Guy,Blues,p9Uznpjmsng
Black Night,Buddy Guy,Blues,HkC71r78bb4
I Suffer With The Blue,Buddy Guy,Blues,uD8bJCGqg5M
Done Got Old,Buddy Guy,Blues,5UjW-Rd2B3o
Now Youre Gone,Buddy Guy,Blues,VtwXrW6AxEc
Hai Rama, A R Rahman,Bollywood,IxqB1xUX36s
Tu Hi Re, A R Rahman,Bollywood,ZgOOGVVryUs
Chaiyya Chaiyya, A R Rahman,Bollywood,PQmrmVs10X8
Taal Se Taal, A R Rahman,Bollywood,G2q0VgIE8K0
Mitwa, A R Rahman,Bollywood,uC3DmRfEigg
Saathiya, A R Rahman,Bollywood,BXv8RedlK20
Yun Hi Chala Chala, A R Rahman,Bollywood,eEeX2QMlSlo
Fana, A R Rahman,Bollywood,VauiR3Ycf3M
Khalbali, A R Rahman,Bollywood,wfNxbB_EG1s
Barso Re, A R Rahman,Bollywood,asw-wTDzGUQ
Jashn E Bahaara, A R Rahman,Bollywood,fuQDCCbQOVA
Tu Bole Main Boloon, A R Rahman,Bollywood,zYnpmolkOl8
Jai Ho, A R Rahman,Bollywood,xwwAVRyNmgQ
Masakali, A R Rahman,Bollywood,SS3lIQdKP-A
Kun Faya Kun, A R Rahman,Bollywood,T94PHkuydcw
Hosanna, A R Rahman,Bollywood,dfNdRsNSFx4
Challa, A R Rahman,Bollywood,9a4izd3Rvdw
Piya Milenge, A R Rahman,Bollywood,QlHeJ7cWD38
Patakha Guddi, A R Rahman,Bollywood,30zJZPb-o3Q
Agar Tum Sath Ho, A R Rahman,Bollywood,sK7riqg2mr4
Iktara,Amit Trivedi,Bollywood,mq5G2z4Rjp8
Zinda,Amit Trivedi,Bollywood,Qgn73pWGK8s
Manja,Amit Trivedi,Bollywood,jZbXUVEFLv8
Love You Zindagi,Amit Trivedi,Bollywood,_GtJmOSD-Rk
Namo Namo,Amit Trivedi,Bollywood,8b2sG8iIoGM
Pashmina,Amit Trivedi,Bollywood,brPyUdXghMk
Sham,Amit Trivedi,Bollywood,fFyXcX-s0C8
Nayan Tarse,Amit Trivedi,Bollywood,LuW1IdlPEvg
Sawaar Loon,Amit Trivedi,Bollywood,6k8Aja80GQM
Dhak Dhuk,Amit Trivedi,Bollywood,aLgeJLouOtQ
Lodon Thumakda,Amit Trivedi,Bollywood,N4YmYBp1ra8
Suno Aisha,Amit Trivedi,Bollywood,fAzO3s7Dgnw
Badra Bahaar,Amit Trivedi,Bollywood,77oauDmF7Zk
Gal Mithi Mithi,Amit Trivedi,Bollywood,ZHsKQ_R0ZqI
Gubbare,Amit Trivedi,Bollywood,2sacrTlQxWs
Pareshaan,Amit Trivedi,Bollywood,Q527ed5FnW8
Gulaabo,Amit Trivedi,Bollywood,bUTdUaVmj8o
Shaam Shaandaar,Amit Trivedi,Bollywood,D21Di3NXcYM
Aazaadiyan,Amit Trivedi,Bollywood,NJc9H90Q7B0
Ud-Daa Punjab,Amit Trivedi,Bollywood,Ezsb5afVXQQ
Pairon Mein Bandhan Hai,Lata Mangeskar,Bollywood,bC7RmYYMqTw
Dilwale Dulhania Le Jayenge,Lata Mangeskar,Bollywood,hw_HpTI_Wkw
Zindagi Ki Na Toote Ladi,Lata Mangeskar,Bollywood,0K8wJnCq2pY
Ek Pyaar Ka Nagma Hai,Lata Mangeskar,Bollywood,x6WO9mxVC_M
Babul Pyare,Lata Mangeskar,Bollywood,iOIvRu2fmQE
Kabootar Ja Ja Ja,Lata Mangeskar,Bollywood,Fzw49vnGhxU
Jis Path Pe Chala,Lata Mangeskar,Bollywood,2WLkl1hVZmw
Pyar Karne Wale,Lata Mangeskar,Bollywood,i4ywnXoswbk
Lag Jaa Gale,Lata Mangeskar,Bollywood,TFr6G5zveS8
Wada Na Tod,Lata Mangeskar,Bollywood,Oq6q4HPBc5Q
Shayad Meri Shaadi,Lata Mangeskar,Bollywood,xtrEjGdlfYc
Mehboob Mere,Lata Mangeskar,Bollywood,
O Mere Sanam,Lata Mangeskar,Bollywood,EagBXY4TqKI
Milo Na Tum,Lata Mangeskar,Bollywood,gn_cO002sm0
Gori Hai Kalaiyan,Lata Mangeskar,Bollywood,tTcTBjW1YHU
Aisa Des Hai Mera,Lata Mangeskar,Bollywood,wDheWYmNEhQ
Jaadu Teri Nazar,Lata Mangeskar,Bollywood,FD3vgLOEdgk
Zindagi Pyaar Ka Geet Hai ,Lata Mangeskar,Bollywood,NR4kH47eQvI
Dafli Wale Dafli Baja,Lata Mangeskar,Bollywood,dkmLa5JrVr4
Tumse Milkar Na Jane,Lata Mangeskar,Bollywood,La9k-z2cQQ4
Tum Hi Ho,Arjit Singh,Bollywood,IJq0yyWug1k
Soch Na Sake,Arjit Singh,Bollywood,0-YrRDlV0Gg
Raabta,Arjit Singh,Bollywood,zlt38OOqwDc
Channa Mereya,Arjit Singh,Bollywood,bzSTpdcs-EI
Muskurane,Arjit Singh,Bollywood,HQ4Ox7mLqds
Mast Magan,Arjit Singh,Bollywood,n0L6uHhzWIw
Duaa,Arjit Singh,Bollywood,OwZ54OjAMK0
Ae Dil Hai Mushkil,Arjit Singh,Bollywood,6FURuLYrR_Q
Phir Bhi Tumko Chaahunga,Arjit Singh,Bollywood,_iktURk0X-A
Phir Mohabbat,Arjit Singh,Bollywood,kmzwvl1vW24
Humdard,Arjit Singh,Bollywood,FJ55SHCzt88
Hawayein,Arjit Singh,Bollywood,cYOB941gyXI
Hamari Adhuri Kahani,Arjit Singh,Bollywood,f3FFOBrMmdg
Bolna,Arjit Singh,Bollywood,GYFDRoJtfGM
Laal Ishq,Arjit Singh,Bollywood,bD1gepaUZms
Dilliwaali Girlfriend,Arjit Singh,Bollywood,1cDoRqPnCXU
Zaalima,Arjit Singh,Bollywood,hhdSyBHuI88
Janam Janam,Arjit Singh,Bollywood,tdzhFbH6FrU
Ik Vaari Aa,Arjit Singh,Bollywood,zXLgYBSdv74
Aaj Phir,Arjit Singh,Bollywood,LWna8JKjfiQ
Deewani Mastani,Shreya Goshal,Bollywood,sl6dEJ9adZ4
Sunn Raha Hai,Shreya Goshal,Bollywood,z65MTQQjgjg
Chikni Chameli,Shreya Goshal,Bollywood,fhvWWbxeGNI
Ghoomar,Shreya Goshal,Bollywood,kUcySPHs2ow
Nagada Sang Dhol,Shreya Goshal,Bollywood,nzKBZ4pByYM
Bairi Piya,Shreya Goshal,Bollywood,rpSI1mMD7Sc
Agar Tum Mil Jao,Shreya Goshal,Bollywood,mNp-suCDowA
Barso Re,Shreya Goshal,Bollywood,4T9PxP9wMm0
Jaadu Hai Nasha Hai,Shreya Goshal,Bollywood,oYrzR_c9aZA
Saans,Shreya Goshal,Bollywood,_AW4yBTfiwc
Samjhawan,Shreya Goshal,Bollywood,Me6uwrDPWyE
Ye Ishq Hai,Shreya Goshal,Bollywood,pvOI8eD1wLU
Teri Ore,Shreya Goshal,Bollywood,zRFjfTAR5ZE
Thodi Der,Shreya Goshal,Bollywood,C8zTh_Cs95w
Raat Bhar,Shreya Goshal,Bollywood,2Dw4h_SVxyc
Chaar Kadam,Shreya Goshal,Bollywood,j3GcPnTwERo
Teri Meri,Shreya Goshal,Bollywood,0Fegb4Ew8SM
Saibo,Shreya Goshal,Bollywood,bxySfz2MVrQ
Nanga Punga Dost,Shreya Goshal,Bollywood,m2a3WlRyWGM
Radha,Shreya Goshal,Bollywood,hI6gHUUzkuI
Aur Tum Aaye,Sonu Nigam,Bollywood,KNeKkdfbvc0
Ab Mujhe Raat Din,Sonu Nigam,Bollywood,wsPDQBWHlS8
Bhula Denge Tum Ko Sanam,Sonu Nigam,Bollywood,8Q2YA5_sOZY
Ye Dil To Mila Hai,Sonu Nigam,Bollywood,xab6Hi5XwkQ
Mera Yaar Dildar,Sonu Nigam,Bollywood,ltiVnd5dJCI
Soniyo,Sonu Nigam,Bollywood,pDq_MzzVaA8
Sona Sona,Sonu Nigam,Bollywood,7YV0GlfRZ5Q
Jal Jal Ke Dhuan,Sonu Nigam,Bollywood,NfMnMCC8anU
Hans Mat  Pagli,Sonu Nigam,Bollywood,J48yYO19caE
Sab Kuchh Bhula diya,Sonu Nigam,Bollywood,wwmmhhz58Mw
Is Kadar Pyar Hai Tumse,Sonu Nigam,Bollywood,VcbzW874Qag
Tere Rang Balle Balle,Sonu Nigam,Bollywood,TKYI5UJTfVw
Ye Dhokhe Pyar Ke Dhokhe,Sonu Nigam,Bollywood,FgIJYBZ_EPM
Main Agar Kahoon,Sonu Nigam,Bollywood,f1B_N7Gx5Zg
Chhoti Chhoti Raatein,Sonu Nigam,Bollywood,_NyhCA6BJsM
Tera Pallu Sarka Jaye Re,Sonu Nigam,Bollywood,uMGizRuDiSU
Dil Dooba,Sonu Nigam,Bollywood,SAiyopkF22M
Aisa Deewana,Sonu Nigam,Bollywood,X4TyG9grBSw
Bole Chudiyan,Sonu Nigam,Bollywood,8KShBo7U06U
O Sahiba O Sahiba,Sonu Nigam,Bollywood,sWSs7w7MXYc
